{
  "Get Votes" : {
    "transaction" : "Get Votes",
    "sampleCount" : 12136,
    "errorCount" : 4169,
    "errorPct" : 34.35234,
    "meanResTime" : 44198.45632827959,
    "minResTime" : 44.0,
    "maxResTime" : 100268.0,
    "pct1ResTime" : 100084.0,
    "pct2ResTime" : 100089.0,
    "pct3ResTime" : 100144.0,
    "throughput" : 2.1261681792722777,
    "receivedKBytesPerSec" : 2.05243104412491,
    "sentKBytesPerSec" : 0.25538934184618184
  },
  "Send Vote" : {
    "transaction" : "Send Vote",
    "sampleCount" : 12427,
    "errorCount" : 4685,
    "errorPct" : 37.70017,
    "meanResTime" : 44857.433089241094,
    "minResTime" : 99.0,
    "maxResTime" : 101056.0,
    "pct1ResTime" : 100086.0,
    "pct2ResTime" : 100094.0,
    "pct3ResTime" : 100145.0,
    "throughput" : 2.1654930160367067,
    "receivedKBytesPerSec" : 1.6587834818141802,
    "sentKBytesPerSec" : 0.4512848844749468
  },
  "Total" : {
    "transaction" : "Total",
    "sampleCount" : 24563,
    "errorCount" : 8854,
    "errorPct" : 36.046085,
    "meanResTime" : 44531.848186296535,
    "minResTime" : 44.0,
    "maxResTime" : 101056.0,
    "pct1ResTime" : 100086.0,
    "pct2ResTime" : 100096.0,
    "pct3ResTime" : 100150.0,
    "throughput" : 4.2802772151693596,
    "receivedKBytesPerSec" : 3.7002253509189535,
    "sentKBytesPerSec" : 0.705306814644201
  }
}